tmdbId,0
13.0,2.5159840587775597
329.0,1.1251610509845293
788.0,1.0801180936778811
568.0,1.0196929395235501
278.0,0.9664136749696413
114.0,0.9656211002314447
8587.0,0.9217395990914192
197.0,0.910291147907867
607.0,0.9040715996623998
280.0,0.8799666588332353
680.0,0.8767045045338029
1637.0,0.845747476851974
812.0,0.8358822751664862
745.0,0.8357287160743402
497.0,0.8234397532277731
858.0,0.8194429400841386
5503.0,0.8113959092277763
18.0,0.8109091566707778
424.0,0.8007617177407573
137.0,0.8001756021524092
771.0,0.79725813323717
105.0,0.7916976878712259
251.0,0.7840945560983953
807.0,0.7837669180752057
489.0,0.7761453501049547
9331.0,0.7741872036605035
12.0,0.7627842649748944
36955.0,0.755168413105332
581.0,0.7449031442538248
857.0,0.7368821465306817
274.0,0.7260048537350441
640.0,0.7245680404164416
710.0,0.7212623487284155
854.0,0.7179450815874532
603.0,0.7140480266838298
196.0,0.7050255519161877
9377.0,0.7010038614586938
861.0,0.6951508308112163
597.0,0.6923823659776014
2164.0,0.6889292259839804
9800.0,0.6764989907381391
712.0,0.670755735627784
9359.0,0.6702718939942635
8467.0,0.6653583644045479
550.0,0.6629965118698369
10020.0,0.6624261570310517
98.0,0.6581638348698609
11566.0,0.6515334604451958
8358.0,0.6504174358531092
268.0,0.6503505128546916
620.0,0.6428341829896589
22.0,0.6401046728125463
1892.0,0.6388342086537497
3049.0,0.6379966217594173
95.0,0.6369549359911792
544.0,0.6361567320079662
122.0,0.6350760161877045
453.0,0.6301692202930838
1893.0,0.6295411253175068
601.0,0.6284928315036004
87.0,0.6243066095886691
37165.0,0.6207957573473142
161.0,0.6017508191872195
808.0,0.6015318817917212
1891.0,0.601174626522392
1572.0,0.5994137798559465
754.0,0.5916340985113784
36557.0,0.591374984961737
9804.0,0.5901530529022492
165.0,0.5855930700297486
218.0,0.5853370034097352
1422.0,0.5826675414526491
9598.0,0.5820118814025147
1640.0,0.5809564390125977
9522.0,0.5803464048544467
1542.0,0.5798768454947011
9693.0,0.5784921858183153
14.0,0.5766163091451186
629.0,0.5762784269927401
37233.0,0.5747044349779797
9386.0,0.5744483140200679
6950.0,0.573327879790913
862.0,0.571908577794634
10731.0,0.5706373979000854
193.0,0.5699872486914832
8844.0,0.5690058859870213
2501.0,0.5686365544450562
207.0,0.5664148244939338
1642.0,0.560244109831299
9806.0,0.5588766143420033
2105.0,0.5575657128480855
562.0,0.5537989465299766
462.0,0.5492465634000572
627.0,0.5491233907787066
1372.0,0.544704618238885
12405.0,0.5418728582474979
414.0,0.5406970854609023
235.0,0.5398123558442325
2493.0,0.5390753165716955
380.0,0.5372511428078556
1624.0,0.5365630786756914
2064.0,0.5357593704162624
1271.0,0.5336650258947158
36668.0,0.5299802805537934
1597.0,0.5294258740085459
9489.0,0.528735279396497
272.0,0.5275656439314319
863.0,0.5270436625914484
2898.0,0.5239821027682926
816.0,0.5232037089870467
639.0,0.5223083199617832
107.0,0.521659737735912
817.0,0.5208711728652422
954.0,0.5193450607405677
27205.0,0.5188136636385688
36658.0,0.5178739636397175
782.0,0.5168385601502108
8963.0,0.5159393160441965
8488.0,0.5155777842169552
180.0,0.514182486449164
744.0,0.5133003396298095
115.0,0.5124323486630701
591.0,0.511255339204987
18785.0,0.5109499010474227
747.0,0.5104233832467971
2502.0,0.510190124252089
9390.0,0.5071134151804171
496.0,0.5052177976877729
671.0,0.5049763627935464
9603.0,0.5046345117690925
8193.0,0.5034416757584509
10625.0,0.5026606090377166
36657.0,0.5019681486417666
616.0,0.5014903362779142
9285.0,0.5002847306056116
73.0,0.5001023605990789
1523.0,0.499259156725904
187.0,0.4964561760055437
604.0,0.4956559480155984
585.0,0.4953221751569485
11324.0,0.4860708214690775
752.0,0.48363215948496185
281957.0,0.4835062429917566
637.0,0.48294055320143436
11003.0,0.4827109284653891
89.0,0.48025050612297726
5548.0,0.47884922493648735
2048.0,0.4785005968025431
2280.0,0.47748961146770486
9654.0,0.4769503311662926
602.0,0.47161499586323474
955.0,0.47037545798156527
694.0,0.4700005591436365
9799.0,0.46958457929067665
652.0,0.4675717451974799
9350.0,0.4670338545830107
22538.0,0.46702043518450453
9487.0,0.4667150444108175
74.0,0.465646981156058
9472.0,0.465281648272171
9741.0,0.4640606684558924
9087.0,0.4625946348560958
8909.0,0.46222726578307954
1830.0,0.4611617760449131
245891.0,0.4611458564617996
9372.0,0.4610321025282496
1895.0,0.4603692838526505
686.0,0.4599942477892808
557.0,0.45980176838463427
600.0,0.45753703194502826
10122.0,0.45668360249864615
8874.0,0.45622740702736786
120.0,0.4554457617652136
628.0,0.45442848692735405
2022.0,0.45363496694964034
1584.0,0.45329276516000355
2675.0,0.4529622697828806
8487.0,0.4514738291146152
8195.0,0.45104754293565236
19995.0,0.45097654907305174
672.0,0.45080341938220286
24.0,0.45017640954464155
77.0,0.4498055728569348
809.0,0.44933851703942324
185.0,0.4488001552613337
78.0,0.44815055545412474
9772.0,0.44745077494210705
402.0,0.44487064801492227
9342.0,0.4425928265377252
121.0,0.4411752447867169
9340.0,0.4411726062775174
9398.0,0.4408309103633572
408.0,0.4402062889086682
9533.0,0.4395578010251827
1832.0,0.4387932826146245
9354.0,0.43846720801592315
1402.0,0.43839505163419573
1894.0,0.43829227500747914
2108.0,0.43608176356404654
674.0,0.43532219066159844
1669.0,0.4349528760735042
605.0,0.43470615425429393
155.0,0.43401185551328425
254.0,0.43352944016300726
920.0,0.43310101379823296
762.0,0.431957176549176
4964.0,0.42984411474174733
1726.0,0.42778626231090466
13183.0,0.42702126789031164
8363.0,0.4267972029942191
9473.0,0.4263558509228029
82654.0,0.42560570716240953
157.0,0.42460884758069334
9495.0,0.42369661904173395
7299.0,0.42315289081830093
8374.0,0.42209517940392194
8872.0,0.4214871832144462
855.0,0.4204213483153524
941.0,0.41940020635544045
10057.0,0.4193280148995794
11041.0,0.4191352860519911
101.0,0.4182468600239758
306.0,0.41755160518935125
11.0,0.41599212886167924
563.0,0.4157178621477701
673.0,0.41468133960599046
1573.0,0.41443513611840055
10764.0,0.41430519432219515
9612.0,0.41418096241948116
118.0,0.41406453894988593
12163.0,0.4129133841427482
578.0,0.4128613018833696
621.0,0.41238446215604846
888.0,0.4118768149807447
330.0,0.41070283470343866
879.0,0.4096076985031095
679.0,0.40885366781753485
2978.0,0.408608671221888
2503.0,0.40817430381266223
10637.0,0.407979034175869
69.0,0.40796553482827785
9942.0,0.4067976562581157
40805.0,0.4066780090844413
435.0,0.4049750907139428
9737.0,0.4043040591839139
9614.0,0.40379614069835534
1635.0,0.4033395947843258
2322.0,0.40292615434404894
205.0,0.4027628413312172
9479.0,0.40256690980978727
393.0,0.4019366119492811
13223.0,0.4016517852132895
769.0,0.40162813014232485
956.0,0.4015486442559199
162.0,0.4014389408070653
773.0,0.40132396396693315
7326.0,0.40107427131158224
2109.0,0.4008440274280158
2770.0,0.4002351263385159
9738.0,0.40013578951935647
75.0,0.39738905919886425
9434.0,0.39697590181732295
8681.0,0.39656927381354606
9919.0,0.39648558497981
75656.0,0.3961138910870585
1979.0,0.3947901698112962
6479.0,0.39366675038453575
2034.0,0.3932327383122073
564.0,0.3931586503277832
117.0,0.3927348798060293
200.0,0.39241407713921306
787.0,0.39226830462748424
1634.0,0.39188729792967186
433.0,0.39052349502868067
10312.0,0.3902447288440182
10189.0,0.38998414069913945
714.0,0.3891137239795065
1262.0,0.3888684383840362
1124.0,0.3883830752211893
492.0,0.388352324387985
881.0,0.38714066716241524
6957.0,0.38672769544429364
9255.0,0.3864273038780749
15373.0,0.38596650634448404
22947.0,0.38529143816782635
2756.0,0.38489672370428635
8859.0,0.3845272428917864
1493.0,0.3834942107715459
6947.0,0.38342556714505793
2323.0,0.38185587859669795
11472.0,0.38161513417090914
207703.0,0.38136457171654503
2567.0,0.38072236668869386
500.0,0.37905855515639664
49040.0,0.3788280775935448
9339.0,0.37826900568990074
2024.0,0.3774724277724859
9427.0,0.37708276522663947
10358.0,0.37700406275329074
949.0,0.37696189739315067
50348.0,0.3767251709166571
1368.0,0.3764157080579487
1430.0,0.37576185232186843
8346.0,0.37551483262401486
1366.0,0.3754347418302309
9509.0,0.37542481619775375
713.0,0.37504479504549937
641.0,0.3749998109725985
9679.0,0.3748128808978505
9361.0,0.37475888130576995
62.0,0.37457648850747327
58.0,0.37431560455401114
100.0,0.37424689681006806
198663.0,0.3737123146355462
16538.0,0.37337588833303287
141.0,0.37332141202356817
510.0,0.37327891660210344
76170.0,0.37264598588266873
644.0,0.3721963074667465
1701.0,0.3720752801074749
41630.0,0.3706376604391861
1858.0,0.3697853444740224
6415.0,0.3697667764866398
9671.0,0.36952328212161645
2253.0,0.36920583234121734
8835.0,0.3690824070368337
2062.0,0.36907990666164114
1900.0,0.36884161990959613
1954.0,0.36812149944023675
10414.0,0.3680190328467439
2118.0,0.3678116935028697
2252.0,0.36658666274059853
134.0,0.3664358482517699
9273.0,0.3651157197836926
15121.0,0.3650180627797084
286217.0,0.36473997736590436
10528.0,0.3646747394655064
14160.0,0.3645722049980364
11478.0,0.3644247812743063
9312.0,0.36382791586022706
13203.0,0.36377206753760544
36647.0,0.36365296382798395
8012.0,0.36296564117730307
238.0,0.3625047677585951
10340.0,0.3622035773728548
65754.0,0.3621666907985328
18660.0,0.3621162243133058
10406.0,0.36174649500510925
4327.0,0.36038210752212957
8656.0,0.36016323020516594
348.0,0.36013418097969263
10144.0,0.3599877077520629
11381.0,0.3598802680853731
186.0,0.3591903461841624
587.0,0.3590431930858272
8491.0,0.35894050406394296
241.0,0.358617678034601
1995.0,0.3576674953952972
565.0,0.3570619158445671
176.0,0.3569278695172756
1885.0,0.35649351422132713
285.0,0.35602562147326083
1813.0,0.35588053463916225
198184.0,0.35543832518378976
856.0,0.35527679548668445
17654.0,0.35470526747759223
1391.0,0.3546367131135937
921.0,0.3543961268247546
608.0,0.3539792019665504
10681.0,0.35342579861696005
10442.0,0.3521291237907493
50646.0,0.3518798860966337
7512.0,0.35099994463412154
539.0,0.3505483941551144
76163.0,0.3500778456833499
10249.0,0.3495249923500397
425.0,0.3492962958015987
10634.0,0.3489854071703996
11153.0,0.34846794584624374
9718.0,0.3483902917417612
106646.0,0.348259872932769
296.0,0.34796433247280933
16300.0,0.3476054938840448
927.0,0.3470705123989539
10329.0,0.34703373224292855
146.0,0.34680085046560793
364.0,0.346578947924758
14291.0,0.3463714748824464
3021.0,0.3463211510469277
11635.0,0.34628875348231947
310.0,0.3456422846701542
1817.0,0.3456011878775327
846.0,0.34535752548338755
1452.0,0.34510566513712604
9480.0,0.3449091995407809
298.0,0.3443476687450221
2107.0,0.34395247390039974
38.0,0.34303752110496377
583.0,0.3427743807015549
792.0,0.3415328161189459
9535.0,0.3405550493964212
1621.0,0.34052359872752613
2080.0,0.34015233389443067
9587.0,0.34004234343181927
693.0,0.33915646834636126
646.0,0.33904510770679785
9326.0,0.33791102480074525
1966.0,0.3378962810732871
612.0,0.3376633194524591
676.0,0.33747835300512236
10897.0,0.3369749052232239
8769.0,0.33684193546423047
190859.0,0.33648773415275957
12106.0,0.3364742186018861
50544.0,0.3364030525944661
1734.0,0.33633192119463506
11977.0,0.3357317379922695
22794.0,0.3355918927420347
8005.0,0.3349191988047051
1949.0,0.33419295622558787
2758.0,0.33355448713209196
398.0,0.33342091671584373
12162.0,0.33320409800941403
10193.0,0.33318790327325576
9471.0,0.3331877929552667
5693.0,0.3331095311678207
10663.0,0.33301146145213445
853.0,0.3327751833504196
333371.0,0.33238608231535144
44214.0,0.3317381070632468
102382.0,0.33163376708367615
24795.0,0.3315844674998094
7191.0,0.33092558051906
1487.0,0.3301832039437258
594.0,0.32976997459260904
26141.0,0.3295979446062742
55721.0,0.32928267911490827
3989.0,0.3292288612874368
508.0,0.32907368249492414
35.0,0.32863781096578837
1934.0,0.3271387696569017
1654.0,0.32710007214768955
9066.0,0.32676222393905896
28.0,0.3266084885886218
228150.0,0.3264948173804504
4638.0,0.3264416420443129
110415.0,0.3261223993127001
14370.0,0.3258598369989147
7220.0,0.3256773359345212
11362.0,0.3248069669795137
4547.0,0.32358356162519064
111.0,0.3234436081765744
409.0,0.3228680433706038
630.0,0.3227696181093065
152532.0,0.3215079398618554
15143.0,0.3214779666722296
2539.0,0.3214366802290478
10895.0,0.32128228233644696
9600.0,0.32126269000875374
23483.0,0.32108003951792186
525.0,0.32040278901397967
9409.0,0.31981767745713574
421.0,0.3196662803552847
9622.0,0.31945890606588595
5236.0,0.319208091289937
46838.0,0.3187722401900097
10377.0,0.3186685466215681
8699.0,0.31841517621176246
8373.0,0.3181645488216415
2157.0,0.3179694871429425
9477.0,0.31790935999696224
1677.0,0.317700607934679
10765.0,0.3166200669728022
2652.0,0.31661856759585577
840.0,0.3163353235053276
1588.0,0.3162668907255114
137113.0,0.3161737081289396
12244.0,0.3157665284265989
36643.0,0.3157045777491606
8321.0,0.31535759012306214
9428.0,0.3153246587529477
415.0,0.31496744396824017
22881.0,0.3149663899001871
14534.0,0.31458921639843745
38757.0,0.3143264267297679
1581.0,0.31406500903541934
1579.0,0.31379288119346976
45612.0,0.3136156641480743
64682.0,0.31331492997466137
187017.0,0.3129403149620312
7347.0,0.312930547438643
14161.0,0.31278733945797665
51540.0,0.3121497374466731
623.0,0.31098726213682676
8469.0,0.3108591549344654
10303.0,0.3103345531400879
532.0,0.310218758020791
9325.0,0.3091972038253018
4442.0,0.30881330948546315
10669.0,0.30848444729991376
170.0,0.3083589906753713
651.0,0.30780148175688943
11287.0,0.30616846400607817
9348.0,0.30526076758760506
11395.0,0.3047296369702311
5876.0,0.30446258800275783
9322.0,0.30438138238902396
10159.0,0.30433848224248655
37799.0,0.3034756089791355
11816.0,0.3032237494510015
206487.0,0.30321849129644574
9388.0,0.3027636717021935
17431.0,0.3024599581840319
658.0,0.3024086075650568
1880.0,0.3019969299883036
3600.0,0.3015316625871581
11031.0,0.30150358646958964
8388.0,0.30113371178138454
558.0,0.3010818204200064
8871.0,0.3007409359703623
195589.0,0.3006866782037494
531.0,0.3003303403527644
12121.0,0.3001216629168039
11808.0,0.29994896141569066
813.0,0.2997397002435284
8850.0,0.29920120894786
80379.0,0.2991259076344188
45269.0,0.29909199448046525
9869.0,0.2985290490975192
9502.0,0.2984014874776264
174.0,0.2983624990376034
2028.0,0.2978330334768018
37686.0,0.2978201715515332
11969.0,0.2978130503407759
3981.0,0.2977226214797534
15.0,0.2971366903623223
291805.0,0.29601756138826785
150540.0,0.29574302589610657
90.0,0.29484553139241304
942.0,0.29480926068637464
293660.0,0.29449977706844266
37735.0,0.29442124631669764
106.0,0.2941237038049995
8961.0,0.29400996589134615
9870.0,0.293999505414081
509.0,0.2939898018291522
8202.0,0.29394234429823934
15144.0,0.2938619132408686
1587.0,0.2936335381631255
11450.0,0.2931698652755838
11310.0,0.29313653842078047
27576.0,0.293077445794681
10138.0,0.29301467579618284
8960.0,0.29291537821198027
11017.0,0.29283036663117623
4688.0,0.2926200645219449
70.0,0.29239958648759246
82693.0,0.2921857132014119
157350.0,0.29211343964594605
3933.0,0.291939097906733
9384.0,0.2919326957544909
9571.0,0.2918152710886116
867.0,0.2917029282397394
6977.0,0.29096589986496185
2619.0,0.29054668791536603
1103.0,0.29038967839697194
11631.0,0.2903394038388112
138832.0,0.2902839407896704
109414.0,0.29025541850156317
11778.0,0.2899190532166942
9327.0,0.2894137211607679
786.0,0.28930277203488
13193.0,0.2892012634384726
9257.0,0.28904247327104604
864.0,0.2885712691282095
9032.0,0.28850654572197576
64688.0,0.28822966857047705
1738.0,0.28810206172951525
1792.0,0.28803048626971434
6637.0,0.28773897664421
122906.0,0.28761184646416316
9531.0,0.28711406410149604
242.0,0.2870883708356325
37135.0,0.2868780092462537
62211.0,0.28672072532680787
75612.0,0.2863722859276196
194.0,0.28603839457380914
23168.0,0.28546136199074884
9470.0,0.2853429628004753
275.0,0.2852613132146356
16320.0,0.28520152216554584
8247.0,0.28518940853893593
4104.0,0.28492507472432405
924.0,0.2849115942662363
27581.0,0.2848235819971516
3131.0,0.2847030574108086
146233.0,0.28458861959757187
2054.0,0.28396249919804517
10215.0,0.2839143201173563
4011.0,0.2838727545985604
4147.0,0.283490434882438
9442.0,0.28291498551752886
11857.0,0.2828588373494645
4133.0,0.2827969410757061
1992.0,0.2821823390070287
6068.0,0.2819858652719086
850.0,0.2816289885383788
5550.0,0.28146098918745277
10380.0,0.2813927364200852
163.0,0.2812753808007304
44115.0,0.2812502756248184
533.0,0.28077161075517376
279.0,0.27921193634230007
38050.0,0.279091330052045
9355.0,0.27832432032029225
253768.0,0.2778341673175607
11780.0,0.2777329869535363
335.0,0.2775702465578625
9798.0,0.2775434745554473
2018.0,0.27718064085621097
45243.0,0.27707529143155396
63.0,0.27702651630059527
9443.0,0.27700747992896924
10015.0,0.2769462726599873
14337.0,0.27621979839986016
9607.0,0.2760769036675061
102899.0,0.2760575101092181
3050.0,0.2757729701225096
3594.0,0.2756764743455776
240.0,0.27565148836478753
9909.0,0.27557240868587685
118340.0,0.2755308247553427
10328.0,0.2753546763902468
13667.0,0.27512314505361984
8068.0,0.27485771742620835
4954.0,0.2747383518056807
6279.0,0.2746684897901882
1724.0,0.2743955135329391
2059.0,0.27426705243705957
7443.0,0.2740801003688597
12280.0,0.27392457160136585
12335.0,0.27385045402824304
1924.0,0.27371028755661725
2293.0,0.2735902713064059
82702.0,0.2735365854915464
209112.0,0.27335392461605384
350.0,0.2729253107849077
11202.0,0.27279349506785977
11302.0,0.27252534897357905
37108.0,0.27239231262771707
1599.0,0.27229475136417625
559.0,0.272287620757053
36593.0,0.27221007231211664
13053.0,0.272138389689009
575.0,0.2720974647756604
388.0,0.27189604300668835
271718.0,0.2716376477404412
13342.0,0.27161236700542984
36669.0,0.2715299647152428
44264.0,0.27136072239648995
33.0,0.27135671677159606
4553.0,0.2708532134367014
9802.0,0.2708248313325409
12113.0,0.2708015201334054
228967.0,0.27077404416517675
5176.0,0.2704738871611343
1777.0,0.27012669179233784
698.0,0.270118164991341
8054.0,0.26976112877887626
16869.0,0.2696751983210582
36685.0,0.2696405655399313
11282.0,0.2694068863965726
1495.0,0.26909385486305853
5966.0,0.26883206209213145
49538.0,0.26847551884553855
10890.0,0.26845546459283876
866.0,0.2683070624875523
403.0,0.26724387987024145
767.0,0.26694870472617377
4982.0,0.2668786190328206
11814.0,0.2668183105209319
4978.0,0.26673086430888476
8839.0,0.26672212172615783
8984.0,0.2665257379201259
675.0,0.2664113609942517
6023.0,0.2657700084798067
8536.0,0.2655280318438322
1574.0,0.2654881330027912
10153.0,0.26547733346377816
938.0,0.26529567700883
273248.0,0.2651433213844018
11393.0,0.26506550865010275
13475.0,0.2648141484139144
4771.0,0.2645550106804651
345.0,0.26449917101225073
15789.0,0.26431549940677995
76493.0,0.2641780297449287
3083.0,0.26416828919905044
926.0,0.26358990980411245
818.0,0.26311857051893056
9602.0,0.2628154726065152
20943.0,0.26268377557085676
22970.0,0.2621573457990284
2649.0,0.2621426955045835
7131.0,0.2619564935318981
10400.0,0.2615369138180192
32823.0,0.2614001139315641
11858.0,0.26069284359945144
38356.0,0.26041349081158216
79.0,0.26007564760419355
167.0,0.25971470306256966
49026.0,0.2595896771736317
36586.0,0.25945053844966304
1091.0,0.25942387689954793
10510.0,0.2592613051804407
1824.0,0.2590298841999229
116745.0,0.2589730550655023
2246.0,0.2589062199863741
7552.0,0.2583543336439002
3597.0,0.25825649821683094
10806.0,0.25807524853443997
4257.0,0.25791814859114515
3176.0,0.25746862725359076
595.0,0.25719292573803687
1667.0,0.2568185666046214
1417.0,0.25681150136139685
668.0,0.2566943581870463
11568.0,0.25669035539891577
9316.0,0.25658490106049003
1538.0,0.25649519464831577
4912.0,0.2563608346548433
168.0,0.2561543571953843
389.0,0.25614795809585583
242582.0,0.25612617687344313
10158.0,0.2560566171696084
17908.0,0.2558450525115065
7270.0,0.25557114270820214
10195.0,0.2554755800433748
2655.0,0.2554251707620252
10336.0,0.25501393648486775
12107.0,0.254974809643252
1497.0,0.2548994723771564
8009.0,0.25451063385161626
1710.0,0.2542925369027376
6488.0,0.2539359163357324
12102.0,0.25333677503633234
1246.0,0.25326700891509224
801.0,0.25296356707236045
1844.0,0.2528250377529596
2897.0,0.25277566093448933
10314.0,0.25276379875305255
9740.0,0.25272101356860527
12444.0,0.25256581689769286
62177.0,0.2525371821583463
935.0,0.25242643038228835
7485.0,0.25215237026762904
4476.0,0.25209178514448793
688.0,0.25197600070305265
634.0,0.2516897041952003
699.0,0.25149758691378954
3563.0,0.25140341956745704
244786.0,0.2513022916399806
664.0,0.25121007698896236
41154.0,0.25110399640815106
11522.0,0.25107932294474294
109424.0,0.2509567503608523
109445.0,0.2499419745538463
19908.0,0.2499384830378581
203801.0,0.2494790565954159
80274.0,0.24945784019342732
1996.0,0.24932145558048208
19326.0,0.24928724594581253
16614.0,0.24927365482187908
10466.0,0.24907116234669785
11224.0,0.2486418124394559
19959.0,0.2482830844204573
10591.0,0.24748524605975136
2300.0,0.24745482606674024
9061.0,0.24733809374841756
1213.0,0.24731285514884183
13156.0,0.24702647365359395
9739.0,0.24699276471616327
423.0,0.2464207097356696
188161.0,0.24629612624534652
1562.0,0.2457842425783091
24428.0,0.24566985843861983
1491.0,0.24558363751051893
957.0,0.24545974601731968
9271.0,0.24511718346034017
2026.0,0.24495952337645802
13105.0,0.24479376897696847
1547.0,0.2443159065442313
10525.0,0.24427758484104062
2294.0,0.2439595910345913
2289.0,0.24354343465310035
14170.0,0.2435020474296017
7350.0,0.24338121745111455
370646.0,0.24321844397109615
11231.0,0.24263438459977787
114150.0,0.2423830861165876
83542.0,0.24215755624608165
2292.0,0.24209997258674215
11253.0,0.24111031248254644
11528.0,0.24107065285275625
660.0,0.24100903991514416
14292.0,0.24094315679386968
1593.0,0.2408035644376662
1991.0,0.24075115556171742
4922.0,0.24055748608358535
2671.0,0.24051911745034732
5994.0,0.240431602008957
154.0,0.24016613098221168
13804.0,0.23995475834645144
13885.0,0.23979980719908628
869.0,0.23966606449548133
9675.0,0.2395741586419889
14367.0,0.2393715134463137
12445.0,0.23874693361130686
84892.0,0.2386691058524154
929.0,0.23848298270092105
8698.0,0.23843254929835633
1933.0,0.23746304638726334
10276.0,0.23744083290363577
11529.0,0.23721228620031884
10191.0,0.23714666871053097
2277.0,0.23702815638560915
4247.0,0.2369740402886945
4935.0,0.23672640170996612
83666.0,0.23610230601829757
7553.0,0.23578215552977266
18331.0,0.23572068103083238
983.0,0.23570209104921008
903.0,0.23534762475269128
1636.0,0.2351912264931548
11663.0,0.23497209882007603
1051.0,0.2344401258612606
20352.0,0.23441676982738652
18480.0,0.23386614201909112
85.0,0.2338553659786461
9880.0,0.23375479627532242
56292.0,0.23368351096979265
9360.0,0.23292917703125038
10674.0,0.23272716806904162
12104.0,0.23239863905173996
10152.0,0.2323108931444991
11886.0,0.23227404862591883
9559.0,0.23201908386684184
756.0,0.23200209280635953
8916.0,0.23141798400348185
68734.0,0.23125862689515653
4951.0,0.23049794023850742
188927.0,0.23031987222691316
140607.0,0.23026073952785936
12519.0,0.22995263981074252
12151.0,0.22994396364475633
253.0,0.22968404271848603
263115.0,0.2296267055972928
18183.0,0.2295092916289296
8078.0,0.22913989773422805
12698.0,0.22892055160018682
14742.0,0.228907686990226
51876.0,0.2276591694027158
479.0,0.22734386073617033
11114.0,0.2272338510364354
4234.0,0.22718255441751609
9320.0,0.22709641488457916
269149.0,0.22696995881747065
9620.0,0.22636415541142366
9382.0,0.2263581440980744
7095.0,0.22631329772993009
58574.0,0.22579884464356925
206647.0,0.22579349670657023
297761.0,0.2257829568839556
19931.0,0.22527368622555144
9476.0,0.22526273252663437
23631.0,0.22517152554488104
82.0,0.2250182520902466
11846.0,0.22493077867314928
4566.0,0.22491453063797734
10220.0,0.22490722557446452
8986.0,0.22459515093687887
1406.0,0.2237581730463207
88.0,0.2233371784190942
9889.0,0.22293529946506108
9277.0,0.22268763638305641
871.0,0.22264924729090813
87827.0,0.22238759858201868
913.0,0.2223282572983848
127380.0,0.22230140709026797
3525.0,0.22222647237716736
277.0,0.22178985737073192
4232.0,0.22165651648153392
15596.0,0.2215725558525394
2640.0,0.2211480842852767
59.0,0.22097251461316558
11360.0,0.22094777534887033
10530.0,0.22080054819720868
18240.0,0.22058112150334613
9665.0,0.22016591670551675
76341.0,0.22013336973445558
947.0,0.2201216811990228
9335.0,0.2199728044720419
256591.0,0.21980628787746367
34544.0,0.21978606081598465
9591.0,0.21970740226744134
9611.0,0.21956157498810713
2067.0,0.2191983645033046
64690.0,0.2190803656964445
7446.0,0.21899956228909506
76338.0,0.21895154931300803
9877.0,0.2188418148987945
18129.0,0.2188206989806477
2605.0,0.2187626383528617
6623.0,0.21857675287087683
10156.0,0.2184125266014036
9357.0,0.21835807417011777
9920.0,0.21829561172867357
615.0,0.2180333751522357
104.0,0.21775191219079112
39939.0,0.21763212428392317
8966.0,0.21747951541971458
2112.0,0.21725183463643916
625.0,0.21717161570120413
6961.0,0.21693194914749103
401.0,0.21675193626263395
1653.0,0.216671707790151
824.0,0.21665155494138322
11090.0,0.21625133088072468
2623.0,0.21622710513712157
524.0,0.2160594426219835
12230.0,0.21577729724088768
1690.0,0.21564221614515905
9313.0,0.2152830871111881
4967.0,0.21523550533032204
4564.0,0.21505045194113465
278927.0,0.21484640321043608
72190.0,0.2139400458504544
1272.0,0.21370420113023184
10956.0,0.21354676404644432
5683.0,0.2134568309624754
11549.0,0.2132643404635232
1688.0,0.2129560673386027
1909.0,0.21229140811252895
1672.0,0.21212137661079833
10714.0,0.21211395600606697
4806.0,0.21199248500760254
2657.0,0.21184838169076126
152.0,0.2115769300594848
411.0,0.21137014131029863
7551.0,0.21111033897382284
11787.0,0.21110243836673315
11076.0,0.21086591647591674
271110.0,0.21053947636868103
1381.0,0.21045564580205026
1359.0,0.20989400046390666
5925.0,0.20987157797060338
11172.0,0.2097632333907739
657.0,0.2097365996771533
9516.0,0.2096403616663784
11517.0,0.20952802410924892
9336.0,0.20910206158416694
102651.0,0.2085219645899259
11011.0,0.20804609309026628
257211.0,0.20777583671348251
35056.0,0.20758986396518314
865.0,0.20750461911078383
8873.0,0.20730119235105654
4256.0,0.2070279542543173
206216.0,0.20699755341959455
534.0,0.2064927565617859
41733.0,0.20521812917514104
11349.0,0.20506102184663974
13820.0,0.20500666833640824
131631.0,0.20484435073498825
2321.0,0.20475099215170173
1946.0,0.20470369066337693
2163.0,0.2046219042019653
10330.0,0.20460112904002653
15764.0,0.20425904735064548
18360.0,0.20422420223122711
9506.0,0.2040474470387631
13370.0,0.20384975522381543
9778.0,0.20360206150565152
40807.0,0.203538152376238
11418.0,0.2034146787723845
10661.0,0.20339732308367164
314365.0,0.20319681889004876
27578.0,0.20299940598591382
11589.0,0.2028891287051013
14635.0,0.2028672171483917
11592.0,0.20283111652206393
11777.0,0.20280944653913707
13531.0,0.20263434092203753
59967.0,0.20211966913202156
11382.0,0.20184659641845185
6038.0,0.20163797908761483
551.0,0.20137878912121054
109443.0,0.20101244398970367
1251.0,0.20098726421868301
826.0,0.2009249083935552
5551.0,0.19938562481213298
11467.0,0.1992610993876358
378.0,0.19925335079783013
455.0,0.19890796300011304
4824.0,0.19886463071598726
11774.0,0.19818569901995653
1647.0,0.19809941139198928
10518.0,0.19806049056012098
2005.0,0.19797244124260888
6557.0,0.19795275026518133
23048.0,0.19793308094299172
2268.0,0.19778308293513192
19913.0,0.19769404458735784
9346.0,0.1975421890664364
10157.0,0.1966229911484136
18444.0,0.19654553528922747
2924.0,0.19638484473894716
2255.0,0.19632907138821096
12429.0,0.1954709976601932
944.0,0.19480870542976164
819.0,0.19454222242134978
9334.0,0.1944132188519696
1948.0,0.1943618259016205
97630.0,0.19416049550673253
199.0,0.19387529274851606
10776.0,0.19370350158055274
243.0,0.19365435368054928
429.0,0.1936268266296356
100402.0,0.19358708441016698
24137.0,0.19342456205487418
11967.0,0.1933415320135241
9392.0,0.19333025615261284
2123.0,0.19313758934160635
9552.0,0.1922895312730051
9549.0,0.19212125683582515
8007.0,0.19188737978640064
15472.0,0.19173644793176645
951.0,0.19168803750004976
70160.0,0.19164560806803838
1648.0,0.19148277086874146
10386.0,0.191473161330927
11878.0,0.19140164401229365
7518.0,0.19100342430550163
18823.0,0.19079952983719106
708.0,0.19027279367818853
5851.0,0.19002588048230415
13809.0,0.18987391306562112
9012.0,0.18953539354132468
49049.0,0.18950269507487785
3063.0,0.18939760710758635
1725.0,0.18938286558596312
11812.0,0.18890982003187595
571.0,0.18888316536850291
6280.0,0.1888317253252295
10198.0,0.18812740827164853
9722.0,0.18804955238303056
68724.0,0.1880188821435665
9550.0,0.18751213506854902
18395.0,0.1874760582100319
37094.0,0.1873498575816736
13166.0,0.1873397617990956
11591.0,0.18693895255799936
1571.0,0.18680869043690118
194662.0,0.18667508629443236
588.0,0.1866724369513844
10468.0,0.18667175974701206
8814.0,0.18662107779489914
5559.0,0.18652534957822128
12118.0,0.18583067362796787
10449.0,0.1856913993212119
49521.0,0.18549300841259503
13665.0,0.18539129131823304
45317.0,0.18537824802936442
50014.0,0.1852619633689438
10096.0,0.18483582891038577
93456.0,0.18410821034183691
9433.0,0.1839129017011161
11904.0,0.1838871329344527
11562.0,0.18372014969581502
9615.0,0.18370783481889644
820.0,0.18341225140488143
15196.0,0.1833928571249036
2668.0,0.18257393631997842
3170.0,0.18234850022807952
107985.0,0.18232561086693033
2023.0,0.18224298458927174
4108.0,0.1822001580502315
82690.0,0.18171725479228895
1092.0,0.18168475160578362
828.0,0.18157638210992258
205596.0,0.18154453335220147
14275.0,0.18139477585137084
9315.0,0.1803874836233368
682.0,0.1801824315618042
8326.0,0.17978751114738467
322.0,0.17976828922288757
5175.0,0.1794916961654347
2789.0,0.17913739292560196
131634.0,0.17912040809632884
210577.0,0.17886489402971786
12133.0,0.178681866597962
8271.0,0.17860527299319584
783.0,0.17858794076455067
9788.0,0.1778641411783854
10322.0,0.1776102938925886
670.0,0.1775035770277915
2069.0,0.1773976844424956
2114.0,0.17727442822138761
137106.0,0.1772138759291262
329865.0,0.17701241572767012
11665.0,0.17670416822988083
9833.0,0.17667424008271532
39513.0,0.1763383156821855
11497.0,0.17620653851645754
5255.0,0.17600239909799703
20283.0,0.17590744495544108
346.0,0.1758809559280329
16771.0,0.17576808756109086
9490.0,0.17547135544094516
14919.0,0.17526110976706916
14756.0,0.17512112625943355
81310.0,0.17509605991349317
8810.0,0.17494822930098278
11158.0,0.17477659977227059
1907.0,0.17461319551921042
20438.0,0.1744176847776549
177572.0,0.17430426539673272
9896.0,0.17427480799890743
10756.0,0.17427457963784188
177.0,0.17409458386412635
8470.0,0.17391714231328234
530.0,0.17368032589464172
11356.0,0.1733675812436378
49948.0,0.1733025363100842
8592.0,0.17311571327856806
10445.0,0.1726171519339843
10833.0,0.17256494333683445
397.0,0.17248164204422622
431.0,0.17244362589596363
1694.0,0.17240274441703937
13595.0,0.172385054609394
13466.0,0.1720886583669708
10673.0,0.1715154687382156
948.0,0.171216371277431
795.0,0.17091219338391528
796.0,0.1703804237467812
37724.0,0.17031132931238674
9890.0,0.17026212154915468
10137.0,0.1702082216073222
9955.0,0.17017778980614726
9873.0,0.17001569334788105
238713.0,0.16999526798574247
8840.0,0.1699578831229886
10154.0,0.16965495906092548
4233.0,0.16940214812636528
9446.0,0.1693873979060338
10218.0,0.16928856204499
1371.0,0.1692678644796594
9593.0,0.169185143953553
51497.0,0.16905996222074357
11113.0,0.16902094938627654
9659.0,0.16888394428554043
11557.0,0.16870698948841728
12155.0,0.16854077114549687
9894.0,0.16847878782845763
395.0,0.16783832502448898
13448.0,0.1670159273202043
37247.0,0.1669209490723329
667.0,0.1667867699915006
9403.0,0.16659396145233302
116.0,0.16611406546464372
535.0,0.16526696270249697
293.0,0.16459845422018998
2362.0,0.16446359194958074
770.0,0.1643715534135485
10865.0,0.16416869898019976
15765.0,0.16401590646812983
17578.0,0.16393302337986845
76203.0,0.1633372060463334
11371.0,0.1631823258486365
11238.0,0.16253035880360836
1945.0,0.16241171250444678
6964.0,0.16228701718357544
764.0,0.16223340429016728
9013.0,0.16181825410194195
11239.0,0.16159951963747538
1049.0,0.16132564661773202
142.0,0.1611670310671945
99861.0,0.16100811931800002
59859.0,0.16088133285260386
2119.0,0.16081852854724768
11973.0,0.16076190087288147
3683.0,0.1607188900450866
9362.0,0.16054698208213652
157336.0,0.16033029204029553
2787.0,0.15998875530859596
567.0,0.15990012379039142
1771.0,0.1595895797840246
2133.0,0.15935970041613756
11329.0,0.15933330441483756
709.0,0.15886849311692205
10796.0,0.1588560295489249
681.0,0.1587432350651196
2698.0,0.1586834950456708
326.0,0.15849311502611554
38055.0,0.1578436335162609
504.0,0.15753347123718178
7340.0,0.15744602499143112
521.0,0.15741130220636318
10608.0,0.1572860271768895
11971.0,0.15707162574870498
561.0,0.15687566988132767
1281.0,0.1565650230264018
5137.0,0.15633684971891004
2636.0,0.15631371636401076
7453.0,0.15603511781303359
2666.0,0.155827321835928
11135.0,0.15552598452685246
2019.0,0.15551089920668143
1903.0,0.15530254456089698
8197.0,0.15461330178206747
1369.0,0.15440031643960206
97.0,0.15414253948474543
4248.0,0.1541370871218133
3536.0,0.1540453002048536
68718.0,0.15392953302654433
4480.0,0.15384624454636245
128.0,0.15358059316592143
391.0,0.15346970219499173
10992.0,0.15310353184129663
982.0,0.15304842860765935
17207.0,0.15290482517797782
215.0,0.1528605988285464
20758.0,0.1526361599590589
96.0,0.1523993523798201
259316.0,0.15237172973305121
10402.0,0.15208190202360594
240832.0,0.15197084700705893
11321.0,0.15185954938014207
1585.0,0.1517990933817413
6396.0,0.15171599540717
8834.0,0.15170215406142346
10545.0,0.1516197572999186
691.0,0.151611908229758
9482.0,0.15155082103268053
13377.0,0.15124382987970614
11086.0,0.15090607957957547
1552.0,0.1505357778001729
9366.0,0.1503275038355516
12665.0,0.15032010604000523
10395.0,0.14978337736882671
65057.0,0.14928282877768512
311.0,0.1488105568191584
127585.0,0.14864613482885303
11770.0,0.14850337060444602
996.0,0.14760113715355289
6519.0,0.14738041051159104
36648.0,0.14737879472059978
9090.0,0.14720644492757368
49529.0,0.14668038683165524
11511.0,0.14661189271955644
10110.0,0.14660295303776455
1245.0,0.14622753813489148
2454.0,0.14615282884667255
227159.0,0.14580688462264696
330459.0,0.14530895565522764
75780.0,0.14497869376528366
173.0,0.14496732709254087
10202.0,0.14483415799769175
9444.0,0.14477220244516315
49047.0,0.14468134233813806
30497.0,0.14441748817535555
1700.0,0.14440688474569569
288.0,0.14416332874136056
16996.0,0.1436943283341755
10246.0,0.14358766579788418
8293.0,0.14352152599165452
10808.0,0.1434386452490412
14301.0,0.14320275546508054
331.0,0.1428308622109612
2039.0,0.14263632202779963
8390.0,0.14233043743403828
2056.0,0.14224492617190382
124905.0,0.14221644483486673
59436.0,0.14209785077154913
10911.0,0.14198956484928132
1576.0,0.1419677108720131
14069.0,0.14186989006367753
4836.0,0.14166831475304065
599.0,0.14163163718330823
7345.0,0.14150317303775664
13997.0,0.1413421293486118
11576.0,0.14130356781399062
19101.0,0.14127820446354383
9678.0,0.1412316653051725
287.0,0.14120907049657114
27022.0,0.14093294862034056
8413.0,0.14073516206628306
273481.0,0.1406825160977691
11976.0,0.1405928495780423
19186.0,0.14057793635241114
10396.0,0.1402279434697448
814.0,0.1391887399681022
16520.0,0.1391450993432471
4464.0,0.13912722159893154
755.0,0.13899975114672897
9529.0,0.1389219964166984
9067.0,0.13844647697630236
968.0,0.13824558061323522
4523.0,0.1382300987809558
12560.0,0.13785549487591772
168672.0,0.13776398838847623
12149.0,0.13765468788612156
10490.0,0.1375499007676163
181808.0,0.13748386922627903
264660.0,0.13683586510013657
37137.0,0.13647438703035286
9073.0,0.13642858238035274
11688.0,0.13586737009353206
1685.0,0.1356724775476572
10502.0,0.13561213562564553
642.0,0.13539873186980703
10586.0,0.13480718618671328
381284.0,0.13478735234575373
2667.0,0.13437721934942848
6520.0,0.1343005029698906
10474.0,0.134042801871734
308.0,0.1337902232308833
5689.0,0.13351094460875398
1580.0,0.13350133116492918
9396.0,0.13339064244664683
10948.0,0.13331888472008688
963.0,0.13315441866221361
10515.0,0.13306670040535284
8688.0,0.13295645609810103
10802.0,0.1327475640785561
650.0,0.13256967113880103
872.0,0.13254794646942947
4348.0,0.13228028818922663
14306.0,0.13203414432619176
1887.0,0.13157774933423713
343.0,0.13150536240754507
60308.0,0.13143799280400698
4488.0,0.1314356220360482
1781.0,0.13135332716481957
832.0,0.13131540972625622
150.0,0.13122946902463242
11411.0,0.13108859680051266
5279.0,0.1308784302364255
4437.0,0.1304453023164922
9289.0,0.13028998618828
71.0,0.13023835557687913
236.0,0.13003884933197463
14412.0,0.13003309938277094
8065.0,0.12997836816889416
9303.0,0.1298571944994204
613.0,0.12982958583185183
1551.0,0.12969386172899872
13260.0,0.12966609264846896
586.0,0.1296009166668014
1985.0,0.12954752843118536
7303.0,0.12923498967803787
704.0,0.12920418298212377
10326.0,0.12909284483221647
9397.0,0.1288484279363013
101299.0,0.12878691248122615
3082.0,0.1286639866647391
12573.0,0.12858882300391988
96721.0,0.1281107225795484
147.0,0.12779739367318443
9922.0,0.127611142149956
1879.0,0.1273425346649729
7516.0,0.12689790034784315
6471.0,0.12670794182341
16636.0,0.12633884385493555
10327.0,0.126099805596393
11016.0,0.12606017460953886
4543.0,0.12592507918785262
9270.0,0.12575691284384702
44912.0,0.1252274152935811
74643.0,0.1251301547109607
2642.0,0.12493465411978077
909.0,0.1247499945669881
217.0,0.12473315113710343
1535.0,0.12396544721534675
12182.0,0.1238692046078694
6312.0,0.12345039080283143
9426.0,0.12342671616711959
19042.0,0.12340773809636613
70981.0,0.12325135100738593
834.0,0.12323187369208644
11374.0,0.12322307987801198
68726.0,0.12308162774251286
381.0,0.12302366569083766
548.0,0.12297274056554135
984.0,0.12297167422842911
231.0,0.12296408254544544
5915.0,0.12269733652354198
10555.0,0.12258563431448743
11881.0,0.12212912773520895
6145.0,0.12205995007708728
8273.0,0.12184680025224628
18402.0,0.12166808655571938
707.0,0.12150784427909453
5549.0,0.12089031533488262
4538.0,0.1208699373042526
1073.0,0.12020722970201557
9560.0,0.12008889107059112
334.0,0.11997604672986356
4961.0,0.11995337075081605
12159.0,0.11955072780755885
24021.0,0.1194425373268364
10184.0,0.11940806990363606
2085.0,0.11927294654285259
10647.0,0.11908490034972513
8843.0,0.11832034341672587
13310.0,0.11830985264224414
10315.0,0.11827510141687675
1586.0,0.11826492212172407
8393.0,0.11809917056941478
10003.0,0.1179987761955465
1429.0,0.1177620112181243
11013.0,0.11770019410401239
10874.0,0.11717823316958736
11975.0,0.1170196287277846
11970.0,0.11694739979808655
10590.0,0.11680712549434624
14741.0,0.11673575107691325
14013.0,0.1162950613761497
103.0,0.1161095187112684
3034.0,0.11603161285082608
4944.0,0.11580091616034449
12626.0,0.11567723565504512
55.0,0.11561132801752838
2907.0,0.1156089549094802
14836.0,0.11544277838452821
2616.0,0.11518440747460984
49520.0,0.11478214768184399
711.0,0.11477775250265765
123.0,0.11446441004529598
15171.0,0.1144241810661703
11319.0,0.11418986110588562
9609.0,0.11414824709751303
12620.0,0.11414027857819153
943.0,0.11408182024570201
318846.0,0.11400200333771232
184.0,0.11353754578509062
1164.0,0.11337509654304423
923.0,0.11335857012735706
11963.0,0.11335108471278504
1901.0,0.11309915441593288
579.0,0.11306341894796393
8974.0,0.11293617205128229
213.0,0.11279699975615695
11068.0,0.11278128889259845
2609.0,0.11270951412695074
11861.0,0.11233983155687266
889.0,0.11215984218164654
36355.0,0.11207596639798062
12498.0,0.11187808811978456
25.0,0.11153647677915346
14522.0,0.11140140812614908
13785.0,0.11107650402355604
11544.0,0.11106245271429466
289.0,0.1101313421838781
4512.0,0.11006802704091626
24238.0,0.11005438819348992
11901.0,0.10984382700964812
392.0,0.1097002008103361
900.0,0.10962622232166519
9749.0,0.10949453307920748
10642.0,0.10930460236494127
9957.0,0.10906111450156582
103663.0,0.10896396135393908
9353.0,0.10891519556893878
290250.0,0.1088446709126934
1878.0,0.10869044737502559
10439.0,0.10835640301822466
768.0,0.10819126453932992
1970.0,0.10754201726864704
4614.0,0.10753850973836634
72105.0,0.10750950338333776
319.0,0.10748872924876057
152601.0,0.10717035172988096
2771.0,0.10696729407232589
11420.0,0.10684732543009953
252.0,0.10679241141229551
172.0,0.10672610347483687
1965.0,0.10648685575451294
10882.0,0.10603558121818418
1443.0,0.10592428874439147
10660.0,0.10578886943423432
245.0,0.10555752634467386
11257.0,0.10539845366958894
4421.0,0.10535934887127862
1968.0,0.10532630097292603
6073.0,0.10514665950545149
10730.0,0.10504390065454633
8392.0,0.1049756170194468
953.0,0.10495955986655886
11520.0,0.1047320260720418
665.0,0.10417781036971199
522.0,0.1041313899385431
10163.0,0.10390433440438496
2976.0,0.10379785145432109
2752.0,0.10369206153482602
10559.0,0.10368743936701508
1548.0,0.10347255759908888
10747.0,0.10321223820988501
10307.0,0.10313418997541735
1374.0,0.1022368203676643
12101.0,0.10221302688236455
9947.0,0.10193226617810505
9387.0,0.10156583329894714
9374.0,0.10151264444621158
9078.0,0.10136804876704691
11673.0,0.10124268723903129
44639.0,0.10087301278501197
9532.0,0.10049249732920718
177677.0,0.10035584246177462
9705.0,0.10033554019354779
80.0,0.10026343472643827
9383.0,0.10019812595650596
1639.0,0.10012526220149838
11050.0,0.10010281597607054
11036.0,0.09924713201958768
10201.0,0.09901645372485579
11621.0,0.0988797984847784
10029.0,0.09883857822595127
9475.0,0.09875589463293488
1250.0,0.09871652399122971
32513.0,0.09831363282778605
16281.0,0.09816393527089479
16619.0,0.09814492823590336
9452.0,0.09812066475354825
12154.0,0.098039283558648
12092.0,0.09796175736450624
14900.0,0.09793282347605575
5156.0,0.0977508551969947
66.0,0.09737174164433449
15413.0,0.09707895708190206
68.0,0.09678691269901118
703.0,0.0966805135848833
2359.0,0.09636096596931001
9707.0,0.0959499476432078
975.0,0.09583899797484886
3090.0,0.09583077046556879
8452.0,0.09582345517643015
59962.0,0.09569849736600543
9422.0,0.09569727743861842
10229.0,0.09562337011952876
8438.0,0.09536209541914734
1779.0,0.09525385928794046
11355.0,0.09513124526326852
1999.0,0.09451163791554859
473.0,0.09430853097946174
20526.0,0.09426205185282271
805.0,0.09405027757416233
9281.0,0.09384209934911678
14334.0,0.09377650267906575
843.0,0.09341447800723565
14462.0,0.09334085694479075
143.0,0.09289326695034152
6282.0,0.0927382003935569
5038.0,0.09253602160630289
9430.0,0.0925040615273846
11446.0,0.09246076797563205
9461.0,0.09243560984794408
9410.0,0.09213135008189455
3573.0,0.09192524680259226
129.0,0.09184308227933369
9820.0,0.09175755207415143
11983.0,0.09150855347822337
643.0,0.09063507622173264
9429.0,0.09041515800782592
10388.0,0.08985824006980986
7451.0,0.08976521737630383
454.0,0.0892102458556932
9279.0,0.08910084930156247
10771.0,0.0889212970679769
1927.0,0.08864765130033658
12122.0,0.08841536613062373
266856.0,0.08816451877918363
9437.0,0.08809459346484591
9003.0,0.08792120320720989
387.0,0.08777578314717302
4953.0,0.08655500556521448
13701.0,0.08604669591797856
116741.0,0.08590167079146575
11934.0,0.0856498192775661
1408.0,0.08550420308952653
9662.0,0.08534629313912548
9494.0,0.08528287783797031
14283.0,0.08521382113774166
49444.0,0.08516046308413294
9928.0,0.08452746347662066
14282.0,0.08439633002395461
8838.0,0.08392203476106191
7450.0,0.08387141737703202
28257.0,0.08357735159340388
13776.0,0.08353585213447809
859.0,0.08312185177226261
11386.0,0.08285945744237516
10162.0,0.0825328298253262
1267.0,0.08251747168274892
1498.0,0.08229288957824121
10393.0,0.08229038673530864
8367.0,0.08197935852361593
10719.0,0.08146566509441244
11368.0,0.08138014611735145
1865.0,0.08131373388893437
772.0,0.0813120827138405
8870.0,0.08116503287345883
11236.0,0.08113520471550928
11452.0,0.08050731496704666
654.0,0.08021108569189389
10141.0,0.08007437714680854
2832.0,0.08002032516514418
2043.0,0.07964655181297584
9352.0,0.07941450898921432
9267.0,0.0788124122228625
26748.0,0.0785253246231378
8584.0,0.07808870060942169
1770.0,0.07757725938667309
967.0,0.0773873009300578
10112.0,0.07726566906042917
582.0,0.07700402116342682
3509.0,0.07700041128704643
8780.0,0.07694565650851301
65215.0,0.07685923501779104
2020.0,0.07669587101305711
10501.0,0.07620392588017438
11978.0,0.07526213221507988
829.0,0.07513942681395341
9685.0,0.0750762951832033
928.0,0.07500776596882247
12223.0,0.07479302420637796
10744.0,0.07469977874432551
44826.0,0.07433873572763366
9401.0,0.07400912161721901
1633.0,0.07399935586882433
13335.0,0.07381417213077984
54825.0,0.07378933605940707
85350.0,0.0736794923602436
11299.0,0.0736049358080278
9026.0,0.07360369153380153
20649.0,0.07352982716783635
950.0,0.07333361955005094
622.0,0.0732570175539225
9663.0,0.07315195164963896
9824.0,0.07293572569252885
11639.0,0.07289417545941104
11831.0,0.07283172647983058
202249.0,0.07266735700446791
50456.0,0.0723856835190606
10464.0,0.07214293685426562
10331.0,0.07213693041361453
2637.0,0.07166087446412941
178.0,0.0715711864824207
11412.0,0.07138125912964408
11545.0,0.07135610582080434
12160.0,0.0708271501716361
11228.0,0.0707633585457905
11216.0,0.07071149010922997
9070.0,0.07053695626183765
29193.0,0.07037990528507268
68721.0,0.07001852448331986
226.0,0.06982445995963382
12921.0,0.06964787916121734
10633.0,0.06924667096613829
246655.0,0.0692395747472763
488.0,0.06857619969568982
2665.0,0.06823119234442124
277834.0,0.06816156875948093
10849.0,0.06810201301698907
10427.0,0.06787438488304685
985.0,0.06780706126029815
8987.0,0.06776884994314253
8914.0,0.06769255845058564
978.0,0.06754061028726782
2604.0,0.06691493588758446
9825.0,0.06683638518035961
6075.0,0.06666734414299641
120467.0,0.06643904100331105
30197.0,0.06638771095326454
38365.0,0.06619398183056324
320.0,0.06617518982761172
845.0,0.0659751832667798
8831.0,0.06576125950307465
81188.0,0.0657551926434295
10658.0,0.06572964819758681
847.0,0.06551037786988523
9605.0,0.06543025851138848
11561.0,0.0648801908170774
2155.0,0.06472829309270736
11929.0,0.06467161971306964
10693.0,0.06464132543622275
24808.0,0.06423379467215298
12185.0,0.06418668306549921
332.0,0.0640234597078671
11120.0,0.06378518191488158
281.0,0.06378325367942717
3291.0,0.06361145965640527
9411.0,0.06338403335786835
23629.0,0.06335039012048349
9493.0,0.06318454852318944
34584.0,0.06309489544672292
9314.0,0.06279404757272392
37853.0,0.06275281702064373
374720.0,0.06270792374070322
2900.0,0.06228938915233731
13958.0,0.06174996182634457
49051.0,0.06116720631795736
9100.0,0.06086581943793029
11527.0,0.06084977418286361
10437.0,0.06084345589712775
1018.0,0.06068593330703109
8764.0,0.06027369523683895
1788.0,0.05961302364806015
37136.0,0.0594514622118239
794.0,0.059212652712842845
11704.0,0.05917155472975888
227.0,0.05910699257165686
77338.0,0.05895900817784416
1687.0,0.058817937685256116
9294.0,0.058721061847168576
11336.0,0.05856582910643962
309.0,0.058397470336786717
9844.0,0.05828485266319092
2086.0,0.0581639911912365
214.0,0.058022418245748525
2074.0,0.05746907788050546
9275.0,0.057366398086487635
2755.0,0.057360690148802684
1715.0,0.057163662187058206
9946.0,0.057148140039909895
475.0,0.05708529160110509
20306.0,0.05690819208333017
2142.0,0.05675093077324478
12186.0,0.05668905113990687
2270.0,0.05668059879917786
11498.0,0.05655569185165532
113.0,0.05646213269986569
11674.0,0.056301113408632864
1375.0,0.05620299720730676
10139.0,0.055460241875480626
2788.0,0.055413506947192215
11543.0,0.055402083612981545
11359.0,0.05529480482434215
766.0,0.055152185621483885
8051.0,0.05460396489614239
22625.0,0.05459682189178329
10909.0,0.05406963361918227
9837.0,0.053803479950601946
16384.0,0.05361199594621269
606.0,0.05349513155980798
1930.0,0.05303480779265962
10428.0,0.05301785407989246
9716.0,0.05297446664550584
64.0,0.05283475372573446
2360.0,0.05279322509745801
9801.0,0.05258310225532037
11843.0,0.05194239062140474
10548.0,0.0518321120835334
11817.0,0.05180824940702128
169.0,0.051789165280752225
1890.0,0.05157883804890953
10835.0,0.05131364601064317
283995.0,0.051201647274518564
153.0,0.050906644284517855
11397.0,0.05079884305979321
10409.0,0.050303874129389914
11593.0,0.050155781201018046
20504.0,0.05007005188467578
11072.0,0.04981024971135478
135397.0,0.04926069222992646
383498.0,0.04906553556438247
9454.0,0.048709315144366994
406.0,0.04867529312496499
14052.0,0.04834841236283054
419430.0,0.04832884624756363
11495.0,0.048157106578186455
10398.0,0.04809724599268567
426.0,0.04794535570131986
7737.0,0.04792250364877712
3133.0,0.047772686224394074
7984.0,0.04771121189632116
8913.0,0.047481059271895
8011.0,0.047475031426489095
11820.0,0.04747035916764497
39452.0,0.047217164637297276
221.0,0.04690362543656296
11005.0,0.04675357086282844
6620.0,0.046465590744269814
11455.0,0.0459308827952814
6116.0,0.04532161046169514
49530.0,0.04506935622779157
212.0,0.044859740505175605
10873.0,0.04431141079555956
9563.0,0.043930606272211487
9367.0,0.043437572210260456
86838.0,0.04339700280651493
10684.0,0.04259270420960776
9767.0,0.041878321642970534
10823.0,0.041852570267801495
8224.0,0.04172149759706628
4518.0,0.04163975206065684
4995.0,0.041195712538072415
1428.0,0.040667037653983995
10603.0,0.04020787356870209
265195.0,0.04004838258281297
34851.0,0.03973266139571985
13685.0,0.03955159419219745
4584.0,0.039349369925525374
765.0,0.03932199027857608
11176.0,0.039254955823587
9358.0,0.038830536714617
1598.0,0.038384389585206624
2925.0,0.037449002629459355
2614.0,0.0366456229876424
4347.0,0.0365430817923629
4415.0,0.036276855939495145
1632.0,0.03613959331002392
2058.0,0.03581590081085739
9440.0,0.03545379333194401
17015.0,0.035192022297079524
6951.0,0.035150638057292516
10223.0,0.03499885056169433
804.0,0.03451540693207594
303.0,0.03428182047032172
1578.0,0.03342314011976405
10546.0,0.03332149554239703
9378.0,0.03318825211904003
705.0,0.03286718597447062
16859.0,0.03271093684338644
9619.0,0.032685427358202124
7863.0,0.032154640313123595
8130.0,0.03195554479836246
8342.0,0.031893832949674905
15602.0,0.03189290585617488
377.0,0.031835348183549717
9086.0,0.03113463344040092
1499.0,0.03093258533736891
239.0,0.03072824342332839
1649.0,0.03057214637728456
379.0,0.030523031095840147
2288.0,0.02985135496520394
81.0,0.02971142697968665
10147.0,0.029345605529203067
584.0,0.02911661440208424
592.0,0.029096037641276995
9631.0,0.0288015163739041
1480.0,0.028649714386021954
48750.0,0.028598524939595832
9574.0,0.028395281016093288
624.0,0.027909535799262142
873.0,0.02768288522310202
1911.0,0.02764794989902536
1165.0,0.027478517322828716
763.0,0.027357977926515196
936.0,0.02696920843789677
11622.0,0.02692499910146534
11873.0,0.026613130369155413
5143.0,0.02630954895958934
9647.0,0.025425229960200024
11000.0,0.025405787984516037
211672.0,0.02521804244603701
617.0,0.025169606923061832
39514.0,0.025064264167484696
9059.0,0.025058483482775055
10998.0,0.024465891297770798
54138.0,0.02423412808822173
164.0,0.023920383248465016
1090.0,0.023364062056989376
8077.0,0.023298704470774367
65.0,0.022592849978263885
6278.0,0.022066296731778012
9081.0,0.022058118509657554
11521.0,0.0219682443599723
8818.0,0.021690068108251054
8989.0,0.021524110128959384
11318.0,0.02108318721856147
10480.0,0.021039374430122826
9595.0,0.020852708646669327
11899.0,0.0204421129782361
12509.0,0.020333306609665425
2291.0,0.01964936695847541
10585.0,0.019645606678911326
593.0,0.01955317012688823
11335.0,0.01942156688941407
1955.0,0.018151921140175997
9449.0,0.01804091946943652
297762.0,0.017959849514121218
3065.0,0.017435215380150887
653.0,0.017313464654199945
8866.0,0.017222985906082455
9008.0,0.017174752619302985
696.0,0.016708840210536757
6003.0,0.01665769062526884
11449.0,0.016071962084202453
18203.0,0.015851537356864925
9886.0,0.015835620195095268
299536.0,0.015039193787492064
16148.0,0.015028824596374446
12233.0,0.014951924614856116
647.0,0.014903702030893112
3179.0,0.014649896421899011
14709.0,0.014517827823046864
12606.0,0.014233541397202478
4808.0,0.013670863054248555
2295.0,0.012536363074489687
36819.0,0.012492108679548974
9543.0,0.012200241910674953
16448.0,0.012122453419819684
284053.0,0.011905981100391178
6552.0,0.011839767202432516
841.0,0.011727715397518379
3085.0,0.011692992074994316
2757.0,0.011522934023825981
261.0,0.011408804020595381
907.0,0.011395091279846975
38223.0,0.011122942246138818
6878.0,0.010895831980332393
1577.0,0.010784102366574011
4032.0,0.010573246185202972
1607.0,0.010373254378559266
11040.0,0.010286063143847723
910.0,0.009974640382188066
8512.0,0.0085448797912938
9826.0,0.00819684168250534
11468.0,0.008140414952574754
10451.0,0.007599053991198548
3116.0,0.007253018822446444
9836.0,0.007101994570289039
11584.0,0.006865879990108903
10128.0,0.006743864297279342
19.0,0.006735499328520189
9447.0,0.006681491418546376
4141.0,0.006123681748299081
470.0,0.00586617783015686
10072.0,0.005791286321540856
838.0,0.005655071483386898
9691.0,0.005642214543871205
9464.0,0.004508255061080629
10068.0,0.004346512528124041
122917.0,0.0032937892078238606
577.0,0.0030118385382081614
284052.0,0.002642196430037408
9323.0,0.0024677007775905646
10534.0,0.002448602367625452
76.0,0.0023816060248622872
297.0,0.0020482649214600968
11004.0,0.0012259410574196883
10612.0,0.000985948509466622
76492.0,0.0008192443429344831
8741.0,0.0008133975633433932
3558.0,0.000735239142755556
9960.0,0.00038160547910326414
300.0,0.00023954386897084845
810.0,-0.0002985079336679797
9944.0,-0.000524846025516168
10279.0,-0.0006462819113279145
746.0,-0.0007338503364404669
223.0,-0.0009468995313938744
4203.0,-0.0009668674819745537
1833.0,-0.0009798407243417073
1370.0,-0.0011150589159488744
246.0,-0.0013065742789846735
15258.0,-0.0014482011479991577
11426.0,-0.002036055774313844
61791.0,-0.0022304436307235553
1088.0,-0.002429780463531761
609.0,-0.0026492238061132656
1389.0,-0.0029392750979051474
16081.0,-0.003229779940550858
16388.0,-0.0035447835103349645
11597.0,-0.0043081241019597705
8856.0,-0.005064893748043808
10054.0,-0.005393022346420084
10878.0,-0.0062987514080846685
99.0,-0.006339168181684229
638.0,-0.006404800873275718
9344.0,-0.006511684116360106
11974.0,-0.007100104107129024
175.0,-0.007115116992719717
9637.0,-0.007219778109653879
1433.0,-0.007467599310354012
10495.0,-0.007693683492284276
14784.0,-0.007759512773905158
9451.0,-0.008569587043076449
12207.0,-0.008609366665543933
11618.0,-0.008618843313019514
11077.0,-0.008954056425987678
11353.0,-0.009033155224368858
9276.0,-0.009121530002469569
10720.0,-0.009420615051313419
9208.0,-0.010374738848052983
3035.0,-0.010506054704235573
619.0,-0.010747966118549557
503475.0,-0.01089642759681611
9781.0,-0.011234260576382049
2486.0,-0.011457966032932615
11066.0,-0.011693025365520388
55931.0,-0.0123863252696772
1367.0,-0.012456006548880239
10945.0,-0.013482074759773949
1360.0,-0.013708061102394364
9504.0,-0.01445443434734578
8848.0,-0.014483954495814522
2275.0,-0.014860764092960783
7520.0,-0.015145469288745272
39538.0,-0.015490651362681962
8619.0,-0.01619062152792361
8675.0,-0.016480472623671222
10161.0,-0.016842867049046417
9576.0,-0.018198527341129755
11667.0,-0.018472393445544577
11259.0,-0.018670028538621708
3595.0,-0.018733255593045624
19494.0,-0.018929934504079177
11678.0,-0.01922214856976734
10217.0,-0.020089923322677367
149.0,-0.020569721359209092
6114.0,-0.020914121762979188
10803.0,-0.021425054679723554
1278.0,-0.02206055146449143
1883.0,-0.022499156016550642
649.0,-0.022862020925513427
702.0,-0.022969268846917967
990.0,-0.023080522025553052
576.0,-0.023443785807150785
598.0,-0.02401753008035218
244.0,-0.0240703771961681
11377.0,-0.024459686010160103
15037.0,-0.02451732944258081
10567.0,-0.024742667318335188
966.0,-0.02475311068718372
9304.0,-0.02595410099774907
12477.0,-0.026602383258232498
7452.0,-0.026809176303007387
4816.0,-0.026951318426221504
1775.0,-0.027487888235819546
1902.0,-0.027751438701986264
9037.0,-0.028422905075560875
2046.0,-0.02931928585430972
10440.0,-0.02935896867252928
891.0,-0.029406374705852334
25059.0,-0.029944120172592154
10872.0,-0.030411774571973554
2759.0,-0.030837486560029298
10136.0,-0.031186657066974155
10403.0,-0.031216976754994477
1904.0,-0.03140718812537113
901.0,-0.03147198012489259
10668.0,-0.03189316407291365
1541.0,-0.032089519332228145
144.0,-0.032233755269456266
10149.0,-0.03405994341208593
10830.0,-0.034187920238400504
119450.0,-0.03431553449083624
3078.0,-0.03447222537147063
11708.0,-0.03534575943154768
10206.0,-0.03624293886949745
10569.0,-0.037090256265786464
11849.0,-0.03754418033542328
404.0,-0.037545756408819186
9638.0,-0.037910409982802123
2011.0,-0.03794868311107935
109.0,-0.03851961402323342
11645.0,-0.039087266018943495
590.0,-0.03979029971684095
15739.0,-0.040179126036786805
3036.0,-0.04077170192471352
16562.0,-0.04181771786795169
7249.0,-0.042036158470323604
44705.0,-0.04210858338371484
110.0,-0.04338053162095484
9486.0,-0.0452358757334993
692.0,-0.04533469816155394
5825.0,-0.04569984533665328
11702.0,-0.045869554372779564
201.0,-0.047208334090552834
4513.0,-0.047251063894927336
31174.0,-0.04725678828810345
12706.0,-0.048387644203929214
10644.0,-0.049887394435649046
526.0,-0.05043057574358023
11062.0,-0.05079671712742069
11624.0,-0.0508215285347659
3512.0,-0.051359533569152016
12614.0,-0.05209790901430769
11896.0,-0.05441051557890369
9481.0,-0.054444533925562644
57158.0,-0.05488214862628417
5491.0,-0.05489202282922376
12105.0,-0.05491943294306942
335984.0,-0.05498111494349714
16523.0,-0.055459904741998134
922.0,-0.05622234164329867
10774.0,-0.05646922449439416
20156.0,-0.05656801625703625
24803.0,-0.056688461293879
793.0,-0.056756974525981274
10436.0,-0.05687907506022183
8845.0,-0.05688404624715887
13403.0,-0.05798280864323435
9349.0,-0.058378362255643274
2769.0,-0.05897213975435303
2103.0,-0.05967988391800466
11860.0,-0.060380616522648756
10478.0,-0.060488634526760676
299.0,-0.06069768444848295
914.0,-0.06069984014601687
10549.0,-0.060787322586394965
284.0,-0.0608974009857583
284054.0,-0.060906008760685304
10014.0,-0.06098691178532324
9876.0,-0.06211242255654287
11837.0,-0.062265570217844415
1850.0,-0.06296350300441644
11314.0,-0.0630203909129511
14285.0,-0.06332555165940357
6978.0,-0.06333825417917777
4958.0,-0.06425283583576136
1024.0,-0.06479594378340858
11054.0,-0.0651719097027858
338.0,-0.06609069759688929
2135.0,-0.06625525932241097
892.0,-0.06748391929232683
1412.0,-0.06901844867249673
10950.0,-0.06912218202594256
10280.0,-0.0692345759892552
14506.0,-0.06957068802991351
11379.0,-0.06995463021711962
12123.0,-0.07056242225665377
9333.0,-0.07148570042954477
12110.0,-0.07277179228998651
830.0,-0.07316322680430914
11797.0,-0.07479988575397493
10061.0,-0.07509698957435132
490.0,-0.07514241287581094
9096.0,-0.07542868802121705
9905.0,-0.076446150848804
11010.0,-0.07681248497410047
9406.0,-0.0776514126974627
981.0,-0.07862240787179789
13597.0,-0.07909162591465885
11827.0,-0.07912784381362001
59440.0,-0.07919462699338956
5924.0,-0.08008936593297189
11159.0,-0.08243225104794816
3472.0,-0.08265889901290421
1714.0,-0.08290211342317516
5516.0,-0.08329468453909283
2749.0,-0.08380198695133706
11551.0,-0.08409123887633396
480.0,-0.08446217349290283
9962.0,-0.08499568357812257
11008.0,-0.08582656026282351
4244.0,-0.08607665813565257
9101.0,-0.08857758466281115
260.0,-0.08884936584280154
10357.0,-0.08932641169684108
2044.0,-0.08989512210773931
11601.0,-0.08991603349060887
9404.0,-0.09019345011356869
11806.0,-0.09244437495653629
10683.0,-0.09255001038045224
21991.0,-0.09393943255906168
553.0,-0.09603877262052224
527.0,-0.09620900247663063
64328.0,-0.0969803046451102
11979.0,-0.09701383597647745
9882.0,-0.09848670984250357
18215.0,-0.10288859502973878
11596.0,-0.10479867177056532
10547.0,-0.10631444759322436
13554.0,-0.10715779511249944
11775.0,-0.10738523387277021
5528.0,-0.10905245737059355
9465.0,-0.1103386742067943
44896.0,-0.11150077369557329
11485.0,-0.11196387825634907
9816.0,-0.11345949215408274
9071.0,-0.11361908224484085
12596.0,-0.11988410597144825
2990.0,-0.12016086884025941
11232.0,-0.12052882595661313
860.0,-0.12218714747159642
1554.0,-0.12449202978698945
7840.0,-0.12513719782952648
10493.0,-0.12518004682653017
451.0,-0.126209482212363
10537.0,-0.1265837644586268
11286.0,-0.128491455889662
10527.0,-0.1298854598815849
1365.0,-0.13008287367006455
11862.0,-0.1332273334617757
10705.0,-0.13404799329940326
11815.0,-0.13485674797288882
10779.0,-0.135696899156718
476.0,-0.137247802843977
3635.0,-0.1398365620527254
687.0,-0.1407801478670667
14181.0,-0.14093191523067305
108.0,-0.14109429500902465
16.0,-0.1457923434171739
10535.0,-0.14969849634771562
695.0,-0.15125175073802827
884.0,-0.15138292374168663
10210.0,-0.15296227857868178
192.0,-0.15694820381081576
11009.0,-0.1574973750879753
422.0,-0.15851592301630124
10536.0,-0.16187911487027837
9606.0,-0.16283418826064056
16420.0,-0.16379768392729313
10988.0,-0.16441927127390338
2928.0,-0.16462629382920846
8355.0,-0.16572041735453533
354912.0,-0.16675725511237022
9040.0,-0.16804962973145587
23210.0,-0.16828236374230376
9623.0,-0.17290715699084097
9099.0,-0.17294234307776477
9431.0,-0.17337323920973494
10778.0,-0.17410690901574588
1630.0,-0.17503967509289875
68924.0,-0.1758169104989774
9268.0,-0.18210141454637258
10539.0,-0.18535649670842097
9306.0,-0.19097755074930742
925.0,-0.19200162857055386
11826.0,-0.1924035156395439
26564.0,-0.19278087547881412
9102.0,-0.19679824609234742
9536.0,-0.20317652276715678
9311.0,-0.20397147502055793
8052.0,-0.2050930129389874
18971.0,-0.21010059026397226
11230.0,-0.2161194006774643
1923.0,-0.21872223405725147
10641.0,-0.21903488103549512
4477.0,-0.21938686489968703
2320.0,-0.2197412649435562
7300.0,-0.2216562250397466
10047.0,-0.22233135548424082
1089.0,-0.22865688310378407
11448.0,-0.2350294445465726
290.0,-0.239041575065841
33542.0,-0.24310362361783378
1592.0,-0.24641486052252562
400.0,-0.24942623576194983
20762.0,-0.25618165306820595
9879.0,-0.25656079397063225
6069.0,-0.2683026173629732
18414.0,-0.2722754544920817
9283.0,-0.27552497858537034
902.0,-0.2834194069609963
10858.0,-0.28521858790066795
1645.0,-0.2876408608398367
9302.0,-0.29265858484914203
11980.0,-0.2936763267632031
9091.0,-0.2978212679921895
10990.0,-0.33349345755406656
10712.0,-0.34068439437199405
9290.0,-0.3889699807401749
11867.0,-0.4403508170260799
5.0,-1.2651994052375204
